Era,Chip,Qubit_Index,T1_us,T2_us,Readout_Error_Pct
Falcon (2020/21),Hanoi,0,198.1262,312.6122,0.7600
Falcon (2020/21),Hanoi,1,128.1144,108.5155,1.0200
Falcon (2020/21),Hanoi,2,84.8945,214.7754,0.7700
Falcon (2020/21),Hanoi,3,129.0958,24.1228,0.9400
Falcon (2020/21),Hanoi,4,189.2198,19.3858,0.8300
Falcon (2020/21),Hanoi,5,91.5450,212.4257,0.6600
Falcon (2020/21),Hanoi,6,82.8855,65.5076,2.0400
Falcon (2020/21),Hanoi,7,96.6643,131.9264,0.9700
Falcon (2020/21),Hanoi,8,188.8692,287.8565,1.1800
Falcon (2020/21),Hanoi,9,172.8066,289.6055,1.3000
Falcon (2020/21),Hanoi,10,160.8883,338.8665,2.4200
Falcon (2020/21),Hanoi,11,87.6957,241.7942,4.2000
Falcon (2020/21),Hanoi,12,199.4264,175.5709,2.0800
Falcon (2020/21),Hanoi,13,43.8648,93.3004,5.0900
Falcon (2020/21),Hanoi,14,223.9268,23.8656,0.7700
Falcon (2020/21),Hanoi,15,86.5321,21.8491,3.9000
Falcon (2020/21),Hanoi,16,115.9219,210.5347,0.8900
Falcon (2020/21),Hanoi,17,95.5006,77.2397,2.4200
Falcon (2020/21),Hanoi,18,139.0088,128.0532,1.7000
Falcon (2020/21),Hanoi,19,174.9804,192.5929,0.6300
Falcon (2020/21),Hanoi,20,137.5360,78.7089,0.5500
Falcon (2020/21),Hanoi,21,167.9278,32.6835,8.4300
Falcon (2020/21),Hanoi,22,180.8550,157.2679,1.3200
Falcon (2020/21),Hanoi,23,79.2363,117.3547,1.5700
Falcon (2020/21),Hanoi,24,153.2936,64.4345,0.6700
Falcon (2020/21),Hanoi,25,145.7928,88.6112,0.9200
Falcon (2020/21),Hanoi,26,132.1341,30.9589,0.8000
Falcon (2020/21),Cairo,0,67.5857,165.9732,0.5100
Falcon (2020/21),Cairo,1,113.0538,81.4307,0.9900
Falcon (2020/21),Cairo,2,102.1397,57.2716,1.6200
Falcon (2020/21),Cairo,3,10.9009,112.6327,1.6800
Falcon (2020/21),Cairo,4,72.8952,21.7659,1.5900
Falcon (2020/21),Cairo,5,56.5221,28.0803,2.8600
Falcon (2020/21),Cairo,6,62.4625,96.8913,1.2500
Falcon (2020/21),Cairo,7,88.0062,136.8944,1.1400
Falcon (2020/21),Cairo,8,85.9604,50.7518,2.7000
Falcon (2020/21),Cairo,9,100.6616,35.7564,9.8200
Falcon (2020/21),Cairo,10,123.2402,14.7460,0.6400
Falcon (2020/21),Cairo,11,100.7211,147.1567,0.7700
Falcon (2020/21),Cairo,12,123.8183,204.8121,0.9800
Falcon (2020/21),Cairo,13,60.9513,37.9264,0.8300
Falcon (2020/21),Cairo,14,104.6197,207.9775,1.3900
Falcon (2020/21),Cairo,15,122.6438,113.4829,0.8300
Falcon (2020/21),Cairo,16,85.4439,183.7799,12.3500
Falcon (2020/21),Cairo,17,87.2556,70.8161,1.6300
Falcon (2020/21),Cairo,18,107.8563,37.7776,0.7500
Falcon (2020/21),Cairo,19,96.9505,6.9025,14.9200
Falcon (2020/21),Cairo,20,97.3860,18.9053,0.8900
Falcon (2020/21),Cairo,21,106.3275,58.0333,0.8000
Falcon (2020/21),Cairo,22,66.1177,102.2125,1.2100
Falcon (2020/21),Cairo,23,106.6935,138.7339,1.7300
Falcon (2020/21),Cairo,24,137.8234,192.4116,1.4300
Falcon (2020/21),Cairo,25,88.4981,196.4663,1.9700
Falcon (2020/21),Cairo,26,24.7336,21.2768,3.8000
Falcon (2020/21),Kolkata,0,121.0432,29.2100,0.9600
Falcon (2020/21),Kolkata,1,82.3421,176.5595,1.1800
Falcon (2020/21),Kolkata,2,112.8492,48.2449,0.7200
Falcon (2020/21),Kolkata,3,137.4058,83.9131,0.8600
Falcon (2020/21),Kolkata,4,96.5622,144.1307,2.0500
Falcon (2020/21),Kolkata,5,57.3242,31.0532,1.6300
Falcon (2020/21),Kolkata,6,105.7217,70.4791,2.9300
Falcon (2020/21),Kolkata,7,115.3139,24.8838,2.1100
Falcon (2020/21),Kolkata,8,130.3103,121.2158,0.6500
Falcon (2020/21),Kolkata,9,123.6002,63.2544,1.2900
Falcon (2020/21),Kolkata,10,111.4820,76.7675,1.0800
Falcon (2020/21),Kolkata,11,12.1240,16.6202,4.6300
Falcon (2020/21),Kolkata,12,100.4244,65.9642,0.9900
Falcon (2020/21),Kolkata,13,162.3406,331.6903,1.2000
Falcon (2020/21),Kolkata,14,106.7329,82.6760,0.5800
Falcon (2020/21),Kolkata,15,151.4386,171.3308,0.6900
Falcon (2020/21),Kolkata,16,120.5136,88.5047,0.9700
Falcon (2020/21),Kolkata,17,90.7617,35.3121,0.6100
Falcon (2020/21),Kolkata,18,109.2996,69.8703,0.7400
Falcon (2020/21),Kolkata,19,130.5292,116.0149,1.9200
Falcon (2020/21),Kolkata,20,114.9365,153.1033,0.7300
Falcon (2020/21),Kolkata,21,101.3257,109.8409,0.6800
Falcon (2020/21),Kolkata,22,97.7706,44.1275,1.1700
Falcon (2020/21),Kolkata,23,84.5049,107.8474,0.7900
Falcon (2020/21),Kolkata,24,114.0729,26.1211,0.5300
Falcon (2020/21),Kolkata,25,167.3504,219.1134,0.4900
Falcon (2020/21),Kolkata,26,109.2175,105.6447,0.7000
Eagle R1 (2022),Washington,0,69.3274,14.1434,0.6500
Eagle R1 (2022),Washington,1,112.2738,97.3296,1.2100
Eagle R1 (2022),Washington,2,81.0582,17.5521,1.8900
Eagle R1 (2022),Washington,3,104.5290,31.7493,4.1900
Eagle R1 (2022),Washington,4,111.0055,96.8003,10.1100
Eagle R1 (2022),Washington,5,100.2177,131.0791,5.2500
Eagle R1 (2022),Washington,6,103.3384,139.8287,1.0400
Eagle R1 (2022),Washington,7,98.2657,59.1919,1.1500
Eagle R1 (2022),Washington,8,64.4140,89.7540,1.3700
Eagle R1 (2022),Washington,9,110.6850,153.3006,12.0000
Eagle R1 (2022),Washington,10,81.9748,78.3369,6.3100
Eagle R1 (2022),Washington,11,144.3224,50.0321,13.1900
Eagle R1 (2022),Washington,12,142.0639,109.7727,24.5000
Eagle R1 (2022),Washington,13,65.0832,19.5868,1.0500
Eagle R1 (2022),Washington,14,81.6680,86.1133,1.2600
Eagle R1 (2022),Washington,15,103.8468,55.4268,3.5700
Eagle R1 (2022),Washington,16,80.0266,260.5813,0.6000
Eagle R1 (2022),Washington,17,51.3212,98.0394,5.0000
Eagle R1 (2022),Washington,18,91.0802,129.5912,4.2400
Eagle R1 (2022),Washington,19,107.9243,115.0255,1.7900
Eagle R1 (2022),Washington,20,130.1935,182.7824,0.7000
Eagle R1 (2022),Washington,21,95.4356,117.5085,3.9800
Eagle R1 (2022),Washington,22,46.8200,49.6753,2.3500
Eagle R1 (2022),Washington,23,105.9495,73.5634,11.8100
Eagle R1 (2022),Washington,24,70.3781,83.7133,2.4500
Eagle R1 (2022),Washington,25,110.0026,146.9948,1.4700
Eagle R1 (2022),Washington,26,120.6980,187.5091,0.8500
Eagle R1 (2022),Washington,27,103.0117,65.9493,3.2000
Eagle R1 (2022),Washington,28,119.6155,69.3772,0.9700
Eagle R1 (2022),Washington,29,92.8629,40.7602,0.7600
Eagle R1 (2022),Washington,30,212.5817,146.0898,0.9600
Eagle R1 (2022),Washington,31,85.9108,72.2955,1.4500
Eagle R1 (2022),Washington,32,97.4727,34.6067,1.0400
Eagle R1 (2022),Washington,33,105.9079,88.0815,0.9600
Eagle R1 (2022),Washington,34,84.2880,109.2682,2.0100
Eagle R1 (2022),Washington,35,130.8378,64.1209,0.6700
Eagle R1 (2022),Washington,36,130.3574,178.3549,0.4500
Eagle R1 (2022),Washington,37,57.8026,62.7483,2.1800
Eagle R1 (2022),Washington,38,84.1107,91.2156,0.9900
Eagle R1 (2022),Washington,39,106.7967,128.0918,1.5700
Eagle R1 (2022),Washington,40,88.7103,18.0880,0.9600
Eagle R1 (2022),Washington,41,98.1553,45.9964,2.8600
Eagle R1 (2022),Washington,42,160.1503,284.5786,0.6300
Eagle R1 (2022),Washington,43,113.5706,178.7222,2.0600
Eagle R1 (2022),Washington,44,87.3991,127.4027,2.6700
Eagle R1 (2022),Washington,45,140.5294,122.5787,3.5300
Eagle R1 (2022),Washington,46,86.6715,169.9210,7.4200
Eagle R1 (2022),Washington,47,122.0648,27.0521,1.6100
Eagle R1 (2022),Washington,48,112.4451,134.2154,0.5900
Eagle R1 (2022),Washington,49,99.9523,110.0855,0.9000
Eagle R1 (2022),Washington,50,137.9077,189.8549,1.4100
Eagle R1 (2022),Washington,51,108.0075,73.6879,0.5900
Eagle R1 (2022),Washington,52,74.2229,63.4590,0.5500
Eagle R1 (2022),Washington,53,69.1165,15.9533,4.5600
Eagle R1 (2022),Washington,54,105.3567,118.1591,1.2400
Eagle R1 (2022),Washington,55,95.2427,130.5002,0.9900
Eagle R1 (2022),Washington,56,60.6000,98.1766,0.7000
Eagle R1 (2022),Washington,57,108.4406,44.6718,1.5300
Eagle R1 (2022),Washington,58,109.6018,69.5322,1.9600
Eagle R1 (2022),Washington,59,99.1744,82.3520,0.6700
Eagle R1 (2022),Washington,60,98.6592,54.6831,5.5400
Eagle R1 (2022),Washington,61,139.6767,196.7567,2.9700
Eagle R1 (2022),Washington,62,126.2803,155.9764,0.5400
Eagle R1 (2022),Washington,63,142.8292,145.9579,0.4200
Eagle R1 (2022),Washington,64,64.1238,66.7798,1.2400
Eagle R1 (2022),Washington,65,136.5012,79.3705,0.3300
Eagle R1 (2022),Washington,66,107.7156,76.1616,2.4100
Eagle R1 (2022),Washington,67,31.7039,50.2739,4.6100
Eagle R1 (2022),Washington,68,97.6295,67.4756,0.7300
Eagle R1 (2022),Washington,69,119.8091,208.4341,4.3300
Eagle R1 (2022),Washington,70,115.6268,74.0130,4.5400
Eagle R1 (2022),Washington,71,111.2579,86.7163,1.4700
Eagle R1 (2022),Washington,72,84.0779,147.7925,0.8500
Eagle R1 (2022),Washington,73,58.9031,107.3692,0.6800
Eagle R1 (2022),Washington,74,120.8365,49.2329,2.3500
Eagle R1 (2022),Washington,75,111.8509,142.1250,1.1400
Eagle R1 (2022),Washington,76,39.0745,46.4104,0.8300
Eagle R1 (2022),Washington,77,56.7432,115.3492,1.7100
Eagle R1 (2022),Washington,78,62.7580,20.2075,2.4400
Eagle R1 (2022),Washington,79,95.8795,27.0426,1.5400
Eagle R1 (2022),Washington,80,116.2456,148.6301,7.7400
Eagle R1 (2022),Washington,81,78.3133,101.3915,4.8000
Eagle R1 (2022),Washington,82,86.5466,37.7280,3.7300
Eagle R1 (2022),Washington,83,139.3788,188.4671,3.4500
Eagle R1 (2022),Washington,84,109.0385,14.1420,0.5600
Eagle R1 (2022),Washington,85,113.6306,73.4258,1.0200
Eagle R1 (2022),Washington,86,111.1996,138.8754,0.8600
Eagle R1 (2022),Washington,87,93.2634,78.8206,4.4700
Eagle R1 (2022),Washington,88,74.6163,130.8461,1.4300
Eagle R1 (2022),Washington,89,71.3560,45.1879,1.1000
Eagle R1 (2022),Washington,90,93.8687,93.3997,2.6700
Eagle R1 (2022),Washington,91,131.1054,63.0980,2.8700
Eagle R1 (2022),Washington,92,84.7169,141.3835,0.7700
Eagle R1 (2022),Washington,93,98.6340,134.5442,7.7300
Eagle R1 (2022),Washington,94,120.6123,94.6025,0.4200
Eagle R1 (2022),Washington,95,105.3698,111.4330,0.7200
Eagle R1 (2022),Washington,96,113.9741,99.9774,1.2200
Eagle R1 (2022),Washington,97,58.2262,107.1312,0.5000
Eagle R1 (2022),Washington,98,89.4803,81.0511,1.8500
Eagle R1 (2022),Washington,99,108.8374,31.6162,6.8600
Eagle R1 (2022),Washington,100,143.5208,60.6274,3.3000
Eagle R1 (2022),Washington,101,91.4284,120.5008,2.8600
Eagle R1 (2022),Washington,102,91.3613,108.0365,0.7900
Eagle R1 (2022),Washington,103,87.1919,121.6560,1.3100
Eagle R1 (2022),Washington,104,51.6923,32.6762,1.0900
Eagle R1 (2022),Washington,105,46.7728,70.2753,1.4300
Eagle R1 (2022),Washington,106,67.5523,65.9942,1.5000
Eagle R1 (2022),Washington,107,104.8599,120.7731,0.5700
Eagle R1 (2022),Washington,108,91.5761,54.7808,3.3500
Eagle R1 (2022),Washington,109,101.5552,96.3603,32.2800
Eagle R1 (2022),Washington,110,93.0941,39.0407,1.6600
Eagle R1 (2022),Washington,111,99.6864,114.8670,1.2100
Eagle R1 (2022),Washington,112,75.2879,86.0507,3.9300
Eagle R1 (2022),Washington,113,93.9421,131.6378,1.1600
Eagle R1 (2022),Washington,114,70.6033,56.1403,1.6200
Eagle R1 (2022),Washington,115,99.6399,69.3325,1.5300
Eagle R1 (2022),Washington,116,106.1107,132.8419,0.8100
Eagle R1 (2022),Washington,117,73.6704,92.5828,0.6900
Eagle R1 (2022),Washington,118,102.1667,129.3892,1.1300
Eagle R1 (2022),Washington,119,69.0891,46.2452,1.7700
Eagle R1 (2022),Washington,120,72.7887,61.8713,1.0300
Eagle R1 (2022),Washington,121,134.2696,57.9303,1.7700
Eagle R1 (2022),Washington,122,89.5743,91.8754,5.1300
Eagle R1 (2022),Washington,123,81.0264,3.7178,0.7200
Eagle R1 (2022),Washington,124,89.0304,89.5373,1.7000
Eagle R1 (2022),Washington,125,115.6648,136.2872,0.3500
Eagle R1 (2022),Washington,126,94.5993,136.6462,0.2800
Eagle R3 (2023),Sherbrooke,0,381.5686,131.7044,1.1230
Eagle R3 (2023),Sherbrooke,1,233.7909,251.0050,2.4414
Eagle R3 (2023),Sherbrooke,2,270.3881,230.3323,2.1484
Eagle R3 (2023),Sherbrooke,3,328.7749,333.4284,1.1963
Eagle R3 (2023),Sherbrooke,4,291.7479,192.4448,2.0752
Eagle R3 (2023),Sherbrooke,5,172.7591,78.9190,6.0547
Eagle R3 (2023),Sherbrooke,6,237.4035,44.4415,25.7324
Eagle R3 (2023),Sherbrooke,7,230.5222,18.1773,4.9805
Eagle R3 (2023),Sherbrooke,8,394.1651,17.2825,8.8135
Eagle R3 (2023),Sherbrooke,9,291.8466,56.3468,16.0645
Eagle R3 (2023),Sherbrooke,10,280.8509,185.1516,2.7344
Eagle R3 (2023),Sherbrooke,11,413.4240,96.1181,1.2451
Eagle R3 (2023),Sherbrooke,12,418.9843,259.8168,7.3730
Eagle R3 (2023),Sherbrooke,13,463.6055,299.9174,12.6953
Eagle R3 (2023),Sherbrooke,14,262.6241,81.3430,4.2725
Eagle R3 (2023),Sherbrooke,15,473.3187,126.9810,8.7158
Eagle R3 (2023),Sherbrooke,16,283.4226,15.4988,10.2295
Eagle R3 (2023),Sherbrooke,17,438.3572,18.7377,1.6846
Eagle R3 (2023),Sherbrooke,18,452.3251,21.5091,5.4443
Eagle R3 (2023),Sherbrooke,19,514.8934,139.3716,3.7109
Eagle R3 (2023),Sherbrooke,20,324.0747,77.3710,3.9062
Eagle R3 (2023),Sherbrooke,21,339.1254,25.8160,2.3193
Eagle R3 (2023),Sherbrooke,22,352.7649,247.7678,2.2705
Eagle R3 (2023),Sherbrooke,23,110.5905,17.8234,1.7578
Eagle R3 (2023),Sherbrooke,24,288.2942,15.1197,3.1006
Eagle R3 (2023),Sherbrooke,25,315.9978,337.9309,1.9775
Eagle R3 (2023),Sherbrooke,26,345.7766,107.6161,0.8301
Eagle R3 (2023),Sherbrooke,27,231.6768,106.3796,1.5625
Eagle R3 (2023),Sherbrooke,28,222.1774,63.7359,5.0537
Eagle R3 (2023),Sherbrooke,29,365.1962,152.4966,1.2451
Eagle R3 (2023),Sherbrooke,30,402.2747,357.7888,0.6348
Eagle R3 (2023),Sherbrooke,31,158.6840,35.7159,0.9766
Eagle R3 (2023),Sherbrooke,32,197.7617,316.0734,2.3682
Eagle R3 (2023),Sherbrooke,33,392.2970,337.5465,0.8789
Eagle R3 (2023),Sherbrooke,34,138.2469,51.4393,10.4492
Eagle R3 (2023),Sherbrooke,35,227.6396,57.9657,1.1719
Eagle R3 (2023),Sherbrooke,36,267.2089,72.4772,0.8301
Eagle R3 (2023),Sherbrooke,37,340.6585,35.1753,5.3955
Eagle R3 (2023),Sherbrooke,38,483.2930,116.1821,4.5410
Eagle R3 (2023),Sherbrooke,39,445.6550,109.8099,4.9805
Eagle R3 (2023),Sherbrooke,40,367.5175,310.9816,0.6592
Eagle R3 (2023),Sherbrooke,41,249.0531,373.4304,0.9277
Eagle R3 (2023),Sherbrooke,42,277.7625,218.1610,3.1738
Eagle R3 (2023),Sherbrooke,43,446.2251,165.7584,0.8789
Eagle R3 (2023),Sherbrooke,44,301.3052,302.0203,1.0254
Eagle R3 (2023),Sherbrooke,45,418.3159,289.1585,3.2471
Eagle R3 (2023),Sherbrooke,46,365.8588,488.8149,3.2471
Eagle R3 (2023),Sherbrooke,47,278.6304,146.1807,1.1963
Eagle R3 (2023),Sherbrooke,48,339.9500,309.7309,1.9043
Eagle R3 (2023),Sherbrooke,49,216.2759,168.9101,5.6641
Eagle R3 (2023),Sherbrooke,50,324.5288,198.9524,3.4180
Eagle R3 (2023),Sherbrooke,51,367.2187,479.7633,0.8789
Eagle R3 (2023),Sherbrooke,52,106.2437,19.6766,15.3809
Eagle R3 (2023),Sherbrooke,53,275.7016,400.5111,2.6367
Eagle R3 (2023),Sherbrooke,54,210.1690,61.7518,4.1992
Eagle R3 (2023),Sherbrooke,55,332.2133,201.3966,6.0303
Eagle R3 (2023),Sherbrooke,56,451.4122,10.2651,10.9375
Eagle R3 (2023),Sherbrooke,57,301.8930,2.6370,21.7285
Eagle R3 (2023),Sherbrooke,58,467.3368,46.1549,0.9277
Eagle R3 (2023),Sherbrooke,59,308.3982,320.5561,2.5391
Eagle R3 (2023),Sherbrooke,60,447.5394,450.9603,1.0498
Eagle R3 (2023),Sherbrooke,61,299.1905,360.3137,3.0762
Eagle R3 (2023),Sherbrooke,62,300.1382,302.0748,1.2451
Eagle R3 (2023),Sherbrooke,63,247.5768,128.2163,3.6865
Eagle R3 (2023),Sherbrooke,64,73.2164,85.9609,20.3125
Eagle R3 (2023),Sherbrooke,65,313.9630,266.5240,2.3926
Eagle R3 (2023),Sherbrooke,66,250.7008,364.5315,1.7334
Eagle R3 (2023),Sherbrooke,67,238.7002,319.3798,1.7822
Eagle R3 (2023),Sherbrooke,68,253.8242,202.1016,1.3184
Eagle R3 (2023),Sherbrooke,69,316.3740,34.7221,1.9775
Eagle R3 (2023),Sherbrooke,70,184.6713,284.0130,16.2598
Eagle R3 (2023),Sherbrooke,71,228.7960,138.2685,1.7822
Eagle R3 (2023),Sherbrooke,72,245.4944,373.0783,9.7168
Eagle R3 (2023),Sherbrooke,73,317.8104,170.0127,0.6836
Eagle R3 (2023),Sherbrooke,74,181.2781,136.5982,0.2930
Eagle R3 (2023),Sherbrooke,75,460.7579,207.0641,5.5908
Eagle R3 (2023),Sherbrooke,76,264.2587,112.1467,1.1475
Eagle R3 (2023),Sherbrooke,77,271.6334,212.6680,0.8789
Eagle R3 (2023),Sherbrooke,78,340.0855,33.2045,1.7090
Eagle R3 (2023),Sherbrooke,79,230.6364,24.1970,1.5625
Eagle R3 (2023),Sherbrooke,80,146.9929,212.4180,1.0986
Eagle R3 (2023),Sherbrooke,81,255.5135,158.8504,0.5615
Eagle R3 (2023),Sherbrooke,82,201.6006,218.6049,3.2471
Eagle R3 (2023),Sherbrooke,83,297.8927,57.0664,2.3438
Eagle R3 (2023),Sherbrooke,84,198.8947,368.3215,50.0000
Eagle R3 (2023),Sherbrooke,85,421.0571,185.0065,7.8125
Eagle R3 (2023),Sherbrooke,86,149.6674,138.6485,1.2939
Eagle R3 (2023),Sherbrooke,87,235.9677,326.5370,1.2451
Eagle R3 (2023),Sherbrooke,88,253.4341,99.6902,4.3213
Eagle R3 (2023),Sherbrooke,89,241.1898,217.9788,1.7578
Eagle R3 (2023),Sherbrooke,90,304.5229,221.7025,1.0254
Eagle R3 (2023),Sherbrooke,91,342.9810,319.1778,1.9531
Eagle R3 (2023),Sherbrooke,92,232.1739,402.6568,34.0576
Eagle R3 (2023),Sherbrooke,93,287.8160,42.3569,0.9766
Eagle R3 (2023),Sherbrooke,94,226.3488,269.5944,0.9277
Eagle R3 (2023),Sherbrooke,95,288.0906,101.4378,1.0498
Eagle R3 (2023),Sherbrooke,96,226.6968,159.0312,9.8877
Eagle R3 (2023),Sherbrooke,97,241.2148,89.3334,2.0996
Eagle R3 (2023),Sherbrooke,98,254.9284,361.1171,2.4658
Eagle R3 (2023),Sherbrooke,99,229.0199,176.8840,1.5625
Eagle R3 (2023),Sherbrooke,100,132.5295,212.8280,1.3428
Eagle R3 (2023),Sherbrooke,101,258.5551,70.6322,0.3662
Eagle R3 (2023),Sherbrooke,102,206.4311,107.6301,6.0303
Eagle R3 (2023),Sherbrooke,103,298.9455,215.4301,0.8789
Eagle R3 (2023),Sherbrooke,104,273.9886,341.7313,0.3662
Eagle R3 (2023),Sherbrooke,105,295.6113,27.1331,1.0986
Eagle R3 (2023),Sherbrooke,106,438.0150,359.3097,1.2451
Eagle R3 (2023),Sherbrooke,107,210.7191,97.9152,2.5879
Eagle R3 (2023),Sherbrooke,108,163.1064,243.0322,1.0010
Eagle R3 (2023),Sherbrooke,109,305.2954,361.4088,2.9785
Eagle R3 (2023),Sherbrooke,110,364.3639,389.6705,0.7324
Eagle R3 (2023),Sherbrooke,111,167.7114,93.9561,4.5654
Eagle R3 (2023),Sherbrooke,112,358.0040,97.6779,2.2217
Eagle R3 (2023),Sherbrooke,113,315.5395,69.3559,0.3906
Eagle R3 (2023),Sherbrooke,114,175.8337,252.9835,1.5381
Eagle R3 (2023),Sherbrooke,115,276.9149,225.6783,1.2451
Eagle R3 (2023),Sherbrooke,116,224.6323,300.4825,1.0986
Eagle R3 (2023),Sherbrooke,117,228.4423,167.3093,3.0762
Eagle R3 (2023),Sherbrooke,118,264.3134,334.0873,1.2451
Eagle R3 (2023),Sherbrooke,119,209.9206,171.4860,1.1475
Eagle R3 (2023),Sherbrooke,120,280.4927,269.8592,1.2695
Eagle R3 (2023),Sherbrooke,121,246.6419,15.6591,2.1484
Eagle R3 (2023),Sherbrooke,122,353.0344,305.1293,0.7568
Eagle R3 (2023),Sherbrooke,123,251.8236,301.0296,0.7812
Eagle R3 (2023),Sherbrooke,124,278.4197,332.1060,0.4150
Eagle R3 (2023),Sherbrooke,125,239.2803,63.3756,0.7812
Eagle R3 (2023),Sherbrooke,126,261.8182,108.7980,1.9775
Eagle R3 (2023),Brisbane,0,237.3636,49.4256,2.7832
Eagle R3 (2023),Brisbane,1,158.4526,242.0553,3.1006
Eagle R3 (2023),Brisbane,2,225.5910,245.5670,1.0742
Eagle R3 (2023),Brisbane,3,393.6307,386.0530,2.7344
Eagle R3 (2023),Brisbane,4,176.4616,217.7956,2.5146
Eagle R3 (2023),Brisbane,5,258.1477,267.6629,18.5547
Eagle R3 (2023),Brisbane,6,296.8972,90.3961,2.3438
Eagle R3 (2023),Brisbane,7,144.6933,262.5701,1.6602
Eagle R3 (2023),Brisbane,8,270.9732,218.9489,1.3428
Eagle R3 (2023),Brisbane,9,415.2868,182.5415,0.8057
Eagle R3 (2023),Brisbane,10,404.1542,310.0893,2.0020
Eagle R3 (2023),Brisbane,11,205.7224,388.2092,15.3809
Eagle R3 (2023),Brisbane,12,400.7950,159.8849,2.0264
Eagle R3 (2023),Brisbane,13,319.3703,114.6453,2.2949
Eagle R3 (2023),Brisbane,14,249.9344,119.1934,1.5869
Eagle R3 (2023),Brisbane,15,407.1878,44.6049,0.7812
Eagle R3 (2023),Brisbane,16,284.6000,17.1418,2.9053
Eagle R3 (2023),Brisbane,17,397.4005,411.5266,1.0010
Eagle R3 (2023),Brisbane,18,214.0103,101.2491,1.3428
Eagle R3 (2023),Brisbane,19,187.0588,129.3115,3.1494
Eagle R3 (2023),Brisbane,20,245.2801,239.0465,2.2705
Eagle R3 (2023),Brisbane,21,228.9093,125.9479,1.2451
Eagle R3 (2023),Brisbane,22,166.7554,140.4140,1.1230
Eagle R3 (2023),Brisbane,23,425.1690,170.6654,1.5869
Eagle R3 (2023),Brisbane,24,230.8487,119.6171,13.4766
Eagle R3 (2023),Brisbane,25,215.4356,187.4160,2.2705
Eagle R3 (2023),Brisbane,26,228.9440,230.9704,5.9082
Eagle R3 (2023),Brisbane,27,326.9186,217.1160,6.0303
Eagle R3 (2023),Brisbane,28,202.9502,71.3815,3.9062
Eagle R3 (2023),Brisbane,29,330.0989,229.6116,2.6611
Eagle R3 (2023),Brisbane,30,402.2262,71.1055,2.3193
Eagle R3 (2023),Brisbane,31,83.5582,52.1432,2.9053
Eagle R3 (2023),Brisbane,32,319.7832,326.5876,1.2451
Eagle R3 (2023),Brisbane,33,259.0395,148.1038,1.5381
Eagle R3 (2023),Brisbane,34,325.5718,139.4256,2.6367
Eagle R3 (2023),Brisbane,35,255.0207,139.6312,1.9531
Eagle R3 (2023),Brisbane,36,294.6637,399.1668,1.4893
Eagle R3 (2023),Brisbane,37,169.5989,100.7263,1.7090
Eagle R3 (2023),Brisbane,38,266.5856,122.4756,2.5146
Eagle R3 (2023),Brisbane,39,306.3436,129.7024,1.5625
Eagle R3 (2023),Brisbane,40,227.9368,37.3956,1.4404
Eagle R3 (2023),Brisbane,41,243.1456,43.4802,1.0498
Eagle R3 (2023),Brisbane,42,143.7828,54.9423,11.7432
Eagle R3 (2023),Brisbane,43,331.7403,319.2656,8.8623
Eagle R3 (2023),Brisbane,44,135.0254,18.5754,3.3203
Eagle R3 (2023),Brisbane,45,102.9873,21.8807,5.7373
Eagle R3 (2023),Brisbane,46,205.2984,176.9781,1.5137
Eagle R3 (2023),Brisbane,47,155.7790,150.0403,2.7100
Eagle R3 (2023),Brisbane,48,22.3459,28.0910,1.2207
Eagle R3 (2023),Brisbane,49,282.9260,42.9634,0.9033
Eagle R3 (2023),Brisbane,50,343.1866,38.7757,2.2949
Eagle R3 (2023),Brisbane,51,242.8219,294.2898,5.1758
Eagle R3 (2023),Brisbane,52,244.6940,176.0351,2.2949
Eagle R3 (2023),Brisbane,53,244.1993,293.2384,1.0254
Eagle R3 (2023),Brisbane,54,198.6922,102.7493,1.7334
Eagle R3 (2023),Brisbane,55,280.7190,123.9409,2.2949
Eagle R3 (2023),Brisbane,56,225.2431,158.3766,1.9775
Eagle R3 (2023),Brisbane,57,279.0327,123.2239,2.2461
Eagle R3 (2023),Brisbane,58,357.1737,221.2771,2.4658
Eagle R3 (2023),Brisbane,59,209.1643,38.0043,1.4160
Eagle R3 (2023),Brisbane,60,268.4039,119.2269,2.1729
Eagle R3 (2023),Brisbane,61,260.1403,164.1224,1.1963
Eagle R3 (2023),Brisbane,62,163.2602,167.9926,1.7578
Eagle R3 (2023),Brisbane,63,261.3739,242.7174,1.6113
Eagle R3 (2023),Brisbane,64,218.3573,146.6931,1.0010
Eagle R3 (2023),Brisbane,65,192.1596,47.1319,1.0010
Eagle R3 (2023),Brisbane,66,303.9211,217.0463,1.5869
Eagle R3 (2023),Brisbane,67,197.2190,114.3306,8.4473
Eagle R3 (2023),Brisbane,68,183.5762,27.7766,15.4297
Eagle R3 (2023),Brisbane,69,165.7393,132.7753,1.5381
Eagle R3 (2023),Brisbane,70,227.7789,164.4861,7.6904
Eagle R3 (2023),Brisbane,71,311.7354,281.5081,1.9287
Eagle R3 (2023),Brisbane,72,170.8892,118.4543,1.3672
Eagle R3 (2023),Brisbane,73,171.8405,57.3662,1.3428
Eagle R3 (2023),Brisbane,74,237.2646,103.6874,2.0508
Eagle R3 (2023),Brisbane,75,264.7605,33.2247,1.0498
Eagle R3 (2023),Brisbane,76,108.9254,68.9706,0.9766
Eagle R3 (2023),Brisbane,77,212.6899,98.0445,3.3447
Eagle R3 (2023),Brisbane,78,197.5871,219.2212,1.8555
Eagle R3 (2023),Brisbane,79,260.0438,69.9740,0.8545
Eagle R3 (2023),Brisbane,80,195.9671,261.0563,2.8076
Eagle R3 (2023),Brisbane,81,303.2878,343.0306,3.8818
Eagle R3 (2023),Brisbane,82,203.6982,243.4507,3.1738
Eagle R3 (2023),Brisbane,83,278.3010,52.4466,1.7090
Eagle R3 (2023),Brisbane,84,290.0084,190.9984,1.0986
Eagle R3 (2023),Brisbane,85,287.8580,201.2708,2.8564
Eagle R3 (2023),Brisbane,86,273.7648,151.2568,4.6143
Eagle R3 (2023),Brisbane,87,57.9557,33.5029,2.5635
Eagle R3 (2023),Brisbane,88,183.5176,152.4873,1.0986
Eagle R3 (2023),Brisbane,89,322.7337,166.0441,1.1475
Eagle R3 (2023),Brisbane,90,166.6789,48.4194,0.9521
Eagle R3 (2023),Brisbane,91,62.5056,111.8828,3.6133
Eagle R3 (2023),Brisbane,92,240.7683,155.5846,0.9277
Eagle R3 (2023),Brisbane,93,180.0073,80.5383,2.9785
Eagle R3 (2023),Brisbane,94,170.7805,120.0482,1.4404
Eagle R3 (2023),Brisbane,95,114.4067,103.2203,23.9502
Eagle R3 (2023),Brisbane,96,275.2493,58.8821,6.5918
Eagle R3 (2023),Brisbane,97,248.3615,131.3757,4.0771
Eagle R3 (2023),Brisbane,98,170.3505,93.5713,1.7822
Eagle R3 (2023),Brisbane,99,266.5698,194.8495,2.1973
Eagle R3 (2023),Brisbane,100,200.2659,167.6782,2.2705
Eagle R3 (2023),Brisbane,101,176.5393,180.3877,3.0762
Eagle R3 (2023),Brisbane,102,57.5533,189.2253,6.2012
Eagle R3 (2023),Brisbane,103,224.5603,86.6057,0.5859
Eagle R3 (2023),Brisbane,104,197.5454,192.8702,1.6357
Eagle R3 (2023),Brisbane,105,173.6242,99.2119,0.8789
Eagle R3 (2023),Brisbane,106,218.4441,213.6215,2.7832
Eagle R3 (2023),Brisbane,107,203.6966,83.8480,2.0508
Eagle R3 (2023),Brisbane,108,175.2409,212.8508,7.9590
Eagle R3 (2023),Brisbane,109,231.9533,246.6738,3.0273
Eagle R3 (2023),Brisbane,110,227.5646,280.0421,1.4160
Eagle R3 (2023),Brisbane,111,282.6302,318.2660,1.4404
Eagle R3 (2023),Brisbane,112,203.5731,29.9622,0.5615
Eagle R3 (2023),Brisbane,113,257.8472,237.0088,3.4912
Eagle R3 (2023),Brisbane,114,340.5941,54.0606,15.4785
Eagle R3 (2023),Brisbane,115,213.7530,91.5804,2.2217
Eagle R3 (2023),Brisbane,116,263.2635,407.0168,2.7344
Eagle R3 (2023),Brisbane,117,265.2834,258.5158,2.0508
Eagle R3 (2023),Brisbane,118,181.3885,253.4188,1.0010
Eagle R3 (2023),Brisbane,119,9.9413,139.0370,1.9531
Eagle R3 (2023),Brisbane,120,238.9382,230.6969,1.5625
Eagle R3 (2023),Brisbane,121,238.9736,233.5409,2.0020
Eagle R3 (2023),Brisbane,122,167.3279,197.7256,1.5625
Eagle R3 (2023),Brisbane,123,97.2291,97.7968,1.4160
Eagle R3 (2023),Brisbane,124,252.5891,250.9478,0.7812
Eagle R3 (2023),Brisbane,125,269.0516,200.2403,1.2939
Eagle R3 (2023),Brisbane,126,234.3924,168.9482,1.1963
Eagle R3 (2023),Kyoto,0,122.8839,24.4219,16.1200
Eagle R3 (2023),Kyoto,1,130.6053,71.6096,8.0500
Eagle R3 (2023),Kyoto,2,220.7641,49.0247,0.4800
Eagle R3 (2023),Kyoto,3,204.0802,56.0802,19.1700
Eagle R3 (2023),Kyoto,4,116.3955,50.6173,9.8300
Eagle R3 (2023),Kyoto,5,254.9259,309.7341,1.1200
Eagle R3 (2023),Kyoto,6,339.7162,326.1475,1.2400
Eagle R3 (2023),Kyoto,7,329.0666,148.8775,1.4500
Eagle R3 (2023),Kyoto,8,236.5224,111.6787,2.4100
Eagle R3 (2023),Kyoto,9,291.8975,168.8392,0.6300
Eagle R3 (2023),Kyoto,10,233.2203,60.3010,2.0700
Eagle R3 (2023),Kyoto,11,221.7375,198.8277,0.9100
Eagle R3 (2023),Kyoto,12,269.5691,109.2191,0.6600
Eagle R3 (2023),Kyoto,13,294.4994,296.9114,0.5500
Eagle R3 (2023),Kyoto,14,201.7698,108.1385,10.7800
Eagle R3 (2023),Kyoto,15,301.4267,104.6711,0.9300
Eagle R3 (2023),Kyoto,16,255.6156,126.7812,0.8100
Eagle R3 (2023),Kyoto,17,231.3373,278.5137,0.7800
Eagle R3 (2023),Kyoto,18,174.1794,242.6153,11.7800
Eagle R3 (2023),Kyoto,19,324.3231,256.1725,0.9800
Eagle R3 (2023),Kyoto,20,312.6453,158.6952,1.1500
Eagle R3 (2023),Kyoto,21,243.4290,146.4189,0.8900
Eagle R3 (2023),Kyoto,22,126.8896,19.7987,3.3300
Eagle R3 (2023),Kyoto,23,298.7766,154.5640,0.6500
Eagle R3 (2023),Kyoto,24,232.6112,57.8727,2.9800
Eagle R3 (2023),Kyoto,25,240.0101,256.6140,5.3200
Eagle R3 (2023),Kyoto,26,232.6146,302.3034,0.5800
Eagle R3 (2023),Kyoto,27,229.5647,187.9539,3.3800
Eagle R3 (2023),Kyoto,28,177.7677,35.1886,3.9000
Eagle R3 (2023),Kyoto,29,90.8690,136.6463,2.0000
Eagle R3 (2023),Kyoto,30,218.2551,145.7441,1.1300
Eagle R3 (2023),Kyoto,31,68.9721,69.3670,0.6800
Eagle R3 (2023),Kyoto,32,259.8596,351.8150,1.0700
Eagle R3 (2023),Kyoto,33,245.1379,30.0291,2.1800
Eagle R3 (2023),Kyoto,34,215.4736,69.7793,3.5900
Eagle R3 (2023),Kyoto,35,369.7455,175.5005,1.7000
Eagle R3 (2023),Kyoto,36,375.3656,118.7180,0.6200
Eagle R3 (2023),Kyoto,37,147.6016,104.5608,14.7200
Eagle R3 (2023),Kyoto,38,245.7555,134.3265,3.9200
Eagle R3 (2023),Kyoto,39,233.1563,98.0342,7.0400
Eagle R3 (2023),Kyoto,40,214.3271,28.8128,1.0900
Eagle R3 (2023),Kyoto,41,185.8738,53.8768,0.9600
Eagle R3 (2023),Kyoto,42,282.2670,11.4857,0.4400
Eagle R3 (2023),Kyoto,43,31.2589,67.4336,1.4100
Eagle R3 (2023),Kyoto,44,269.2072,191.2559,0.4300
Eagle R3 (2023),Kyoto,45,287.1951,332.1271,0.7500
Eagle R3 (2023),Kyoto,46,262.8198,70.4291,0.9800
Eagle R3 (2023),Kyoto,47,305.1760,42.3378,1.2600
Eagle R3 (2023),Kyoto,48,284.0111,251.9150,5.7700
Eagle R3 (2023),Kyoto,49,148.3521,96.4083,0.6000
Eagle R3 (2023),Kyoto,50,177.6756,111.1587,0.5800
Eagle R3 (2023),Kyoto,51,251.2182,210.8335,1.7200
Eagle R3 (2023),Kyoto,52,159.6642,182.6153,1.3500
Eagle R3 (2023),Kyoto,53,309.5781,217.9060,0.9600
Eagle R3 (2023),Kyoto,54,179.7159,259.4849,1.0300
Eagle R3 (2023),Kyoto,55,216.8536,241.5503,0.5300
Eagle R3 (2023),Kyoto,56,220.2040,23.6560,1.2500
Eagle R3 (2023),Kyoto,57,241.3858,53.6891,11.3400
Eagle R3 (2023),Kyoto,58,350.8141,26.5424,3.9300
Eagle R3 (2023),Kyoto,59,236.0457,28.5365,0.7400
Eagle R3 (2023),Kyoto,60,204.9198,198.7705,1.0700
Eagle R3 (2023),Kyoto,61,246.2526,73.0453,1.7300
Eagle R3 (2023),Kyoto,62,256.2704,169.0709,0.9900
Eagle R3 (2023),Kyoto,63,264.5137,22.3156,0.6100
Eagle R3 (2023),Kyoto,64,192.8046,181.3622,0.9300
Eagle R3 (2023),Kyoto,65,211.7613,135.1854,0.4700
Eagle R3 (2023),Kyoto,66,341.9537,214.2032,1.2100
Eagle R3 (2023),Kyoto,67,258.0189,188.8786,0.5700
Eagle R3 (2023),Kyoto,68,244.9108,39.9325,5.3900
Eagle R3 (2023),Kyoto,69,242.2659,46.6765,1.7100
Eagle R3 (2023),Kyoto,70,239.6214,164.8006,1.1800
Eagle R3 (2023),Kyoto,71,137.1302,117.1795,2.8600
Eagle R3 (2023),Kyoto,72,162.5828,138.7112,1.5200
Eagle R3 (2023),Kyoto,73,306.4978,78.8565,0.5400
Eagle R3 (2023),Kyoto,74,197.3427,341.5715,0.5600
Eagle R3 (2023),Kyoto,75,280.9940,117.6441,4.1700
Eagle R3 (2023),Kyoto,76,217.1825,86.6524,10.6600
Eagle R3 (2023),Kyoto,77,307.2599,38.7294,10.2700
Eagle R3 (2023),Kyoto,78,238.5775,121.2980,1.4100
Eagle R3 (2023),Kyoto,79,103.3372,38.5111,1.8000
Eagle R3 (2023),Kyoto,80,231.3240,131.3737,1.6400
Eagle R3 (2023),Kyoto,81,215.3926,28.8578,1.9000
Eagle R3 (2023),Kyoto,82,214.6705,295.4996,0.4700
Eagle R3 (2023),Kyoto,83,223.7881,187.0632,1.3700
Eagle R3 (2023),Kyoto,84,243.6078,262.1466,1.0200
Eagle R3 (2023),Kyoto,85,212.7811,46.0020,0.4400
Eagle R3 (2023),Kyoto,86,47.4089,52.5437,1.0400
Eagle R3 (2023),Kyoto,87,219.5621,120.3556,2.3100
Eagle R3 (2023),Kyoto,88,157.5925,88.3641,0.4700
Eagle R3 (2023),Kyoto,89,279.7058,157.7420,0.6600
Eagle R3 (2023),Kyoto,90,324.9041,37.5686,6.0200
Eagle R3 (2023),Kyoto,91,190.1610,156.6702,7.3300
Eagle R3 (2023),Kyoto,92,249.2302,22.2141,1.3600
Eagle R3 (2023),Kyoto,93,168.4281,51.4806,4.7400
Eagle R3 (2023),Kyoto,94,100.8544,139.1380,1.8600
Eagle R3 (2023),Kyoto,95,221.7292,34.9388,0.8400
Eagle R3 (2023),Kyoto,96,153.5401,103.5182,1.4600
Eagle R3 (2023),Kyoto,97,167.0807,91.4795,3.6900
Eagle R3 (2023),Kyoto,98,252.3510,8.2956,7.2200
Eagle R3 (2023),Kyoto,99,300.4934,226.1288,1.1900
Eagle R3 (2023),Kyoto,100,216.1437,231.4244,0.9200
Eagle R3 (2023),Kyoto,101,214.5614,20.7526,5.5800
Eagle R3 (2023),Kyoto,102,285.6547,172.9676,1.0900
Eagle R3 (2023),Kyoto,103,204.7959,135.0499,1.5200
Eagle R3 (2023),Kyoto,104,161.1020,23.4164,4.5900
Eagle R3 (2023),Kyoto,105,162.5532,33.6096,6.7100
Eagle R3 (2023),Kyoto,106,78.4174,109.5941,2.3200
Eagle R3 (2023),Kyoto,107,164.8343,119.5322,42.0500
Eagle R3 (2023),Kyoto,108,39.1716,28.5702,25.6700
Eagle R3 (2023),Kyoto,109,189.3266,32.3753,0.9600
Eagle R3 (2023),Kyoto,110,159.6540,178.7964,2.4700
Eagle R3 (2023),Kyoto,111,220.6606,76.0368,4.3000
Eagle R3 (2023),Kyoto,112,134.6501,58.1552,5.7900
Eagle R3 (2023),Kyoto,113,133.2297,17.7432,6.7400
Eagle R3 (2023),Kyoto,114,220.3528,33.0816,0.9000
Eagle R3 (2023),Kyoto,115,300.6177,46.5043,2.0400
Eagle R3 (2023),Kyoto,116,206.0254,109.8272,1.3000
Eagle R3 (2023),Kyoto,117,0.8683,52.9951,31.5300
Eagle R3 (2023),Kyoto,118,199.9763,118.0374,3.0100
Eagle R3 (2023),Kyoto,119,152.6804,78.6107,4.6700
Eagle R3 (2023),Kyoto,120,180.5476,62.5287,1.7400
Eagle R3 (2023),Kyoto,121,238.3133,55.9251,1.3800
Eagle R3 (2023),Kyoto,122,184.2134,52.2603,4.7400
Eagle R3 (2023),Kyoto,123,220.7170,192.4508,6.2800
Eagle R3 (2023),Kyoto,124,177.9299,154.5537,1.4900
Eagle R3 (2023),Kyoto,125,212.8234,10.2700,0.7500
Eagle R3 (2023),Kyoto,126,130.8590,141.6153,17.6600
Eagle R3 (2023),Osaka,0,412.7754,223.8390,2.5600
Eagle R3 (2023),Osaka,1,375.0749,412.4607,1.3400
Eagle R3 (2023),Osaka,2,265.6421,372.6121,3.2100
Eagle R3 (2023),Osaka,3,400.4962,344.0319,2.7900
Eagle R3 (2023),Osaka,4,340.8561,326.0890,6.1667
Eagle R3 (2023),Osaka,5,250.8130,325.1730,2.5000
Eagle R3 (2023),Osaka,6,267.6727,168.2385,0.6400
Eagle R3 (2023),Osaka,7,330.5731,111.3487,0.8500
Eagle R3 (2023),Osaka,8,231.3077,15.3240,40.8400
Eagle R3 (2023),Osaka,9,333.5287,66.5903,1.2800
Eagle R3 (2023),Osaka,10,136.6863,174.0406,8.6100
Eagle R3 (2023),Osaka,11,351.1564,332.2018,6.3500
Eagle R3 (2023),Osaka,12,331.3298,130.6526,2.2800
Eagle R3 (2023),Osaka,13,253.2214,84.9361,0.5100
Eagle R3 (2023),Osaka,14,267.0923,26.3021,10.4700
Eagle R3 (2023),Osaka,15,397.4362,250.3331,0.8300
Eagle R3 (2023),Osaka,16,7.7172,332.4258,43.8700
Eagle R3 (2023),Osaka,17,269.2770,254.1279,3.4300
Eagle R3 (2023),Osaka,18,347.8641,121.7436,0.5400
Eagle R3 (2023),Osaka,19,425.3036,140.6518,0.9000
Eagle R3 (2023),Osaka,20,421.2393,139.2474,3.3000
Eagle R3 (2023),Osaka,21,392.3701,123.9732,1.7800
Eagle R3 (2023),Osaka,22,253.1569,246.2477,7.4300
Eagle R3 (2023),Osaka,23,436.3694,140.9760,0.7000
Eagle R3 (2023),Osaka,24,316.7623,175.3313,0.5800
Eagle R3 (2023),Osaka,25,226.9063,393.6210,0.3600
Eagle R3 (2023),Osaka,26,260.1475,17.7020,1.0200
Eagle R3 (2023),Osaka,27,337.6262,136.2891,1.1700
Eagle R3 (2023),Osaka,28,194.4081,38.1263,0.5000
Eagle R3 (2023),Osaka,29,353.5990,282.6751,0.7800
Eagle R3 (2023),Osaka,30,258.9770,122.9753,6.3200
Eagle R3 (2023),Osaka,31,330.3214,288.2385,1.0000
Eagle R3 (2023),Osaka,32,356.0145,209.8051,0.8200
Eagle R3 (2023),Osaka,33,38.1516,14.3062,0.8333
Eagle R3 (2023),Osaka,34,288.5433,187.4850,2.9700
Eagle R3 (2023),Osaka,35,264.1795,247.0652,2.3800
Eagle R3 (2023),Osaka,36,300.7851,179.1447,1.3800
Eagle R3 (2023),Osaka,37,169.4759,48.2013,1.4800
Eagle R3 (2023),Osaka,38,325.5788,185.7658,4.4500
Eagle R3 (2023),Osaka,39,257.5057,130.7578,8.0000
Eagle R3 (2023),Osaka,40,227.8621,8.8468,0.6700
Eagle R3 (2023),Osaka,41,191.7136,122.2725,4.1100
Eagle R3 (2023),Osaka,42,183.9304,8.2732,0.6000
Eagle R3 (2023),Osaka,43,265.9728,210.3748,1.7800
Eagle R3 (2023),Osaka,44,322.9794,22.2045,1.0200
Eagle R3 (2023),Osaka,45,364.4227,309.2435,3.2100
Eagle R3 (2023),Osaka,46,312.9143,278.4545,15.5700
Eagle R3 (2023),Osaka,47,401.6733,45.2143,0.9600
Eagle R3 (2023),Osaka,48,346.5264,202.6247,2.4300
Eagle R3 (2023),Osaka,49,211.0580,56.7090,0.8300
Eagle R3 (2023),Osaka,50,250.3558,270.4726,1.0400
Eagle R3 (2023),Osaka,51,74.5660,36.1069,4.3800
Eagle R3 (2023),Osaka,52,292.8559,51.5571,1.4600
Eagle R3 (2023),Osaka,53,341.5180,18.3155,0.9200
Eagle R3 (2023),Osaka,54,388.9707,135.1580,1.5200
Eagle R3 (2023),Osaka,55,263.9387,124.7864,1.1400
Eagle R3 (2023),Osaka,56,94.3804,66.7704,2.4400
Eagle R3 (2023),Osaka,57,245.9167,109.8635,0.7600
Eagle R3 (2023),Osaka,58,454.5632,22.8021,10.6300
Eagle R3 (2023),Osaka,59,315.5794,280.7525,1.9400
Eagle R3 (2023),Osaka,60,359.7558,297.5207,3.4000
Eagle R3 (2023),Osaka,61,323.8518,245.9536,30.5000
Eagle R3 (2023),Osaka,62,373.6667,237.3568,1.4200
Eagle R3 (2023),Osaka,63,424.1609,135.6901,0.4900
Eagle R3 (2023),Osaka,64,133.9341,130.9677,0.5600
Eagle R3 (2023),Osaka,65,450.4278,267.7446,1.9000
Eagle R3 (2023),Osaka,66,97.1737,17.3879,5.0500
Eagle R3 (2023),Osaka,67,427.3988,99.0323,5.3700
Eagle R3 (2023),Osaka,68,136.4950,146.2201,6.4500
Eagle R3 (2023),Osaka,69,254.8079,233.8455,0.6800
Eagle R3 (2023),Osaka,70,245.7358,55.0967,8.8600
Eagle R3 (2023),Osaka,71,200.3359,29.9295,3.2300
Eagle R3 (2023),Osaka,72,324.3989,105.5585,5.7700
Eagle R3 (2023),Osaka,73,235.9965,101.3819,0.7400
Eagle R3 (2023),Osaka,74,331.1480,275.3679,4.1700
Eagle R3 (2023),Osaka,75,333.4393,120.0128,2.8100
Eagle R3 (2023),Osaka,76,254.9825,224.8056,1.6400
Eagle R3 (2023),Osaka,77,264.7871,139.9604,19.3800
Eagle R3 (2023),Osaka,78,305.9935,392.8525,2.7800
Eagle R3 (2023),Osaka,79,388.6640,269.1566,2.1900
Eagle R3 (2023),Osaka,80,130.9180,155.5379,9.5700
Eagle R3 (2023),Osaka,81,231.3109,21.1289,13.1200
Eagle R3 (2023),Osaka,82,275.8725,179.4023,1.0200
Eagle R3 (2023),Osaka,83,336.8937,114.6291,0.5300
Eagle R3 (2023),Osaka,84,347.1487,83.9316,1.4600
Eagle R3 (2023),Osaka,85,252.3701,94.5223,1.5000
Eagle R3 (2023),Osaka,86,179.8096,88.4311,4.4900
Eagle R3 (2023),Osaka,87,367.9976,195.8366,4.6700
Eagle R3 (2023),Osaka,88,59.4977,91.3540,0.8100
Eagle R3 (2023),Osaka,89,254.0889,55.9085,12.6800
Eagle R3 (2023),Osaka,90,267.2446,277.1241,1.8900
Eagle R3 (2023),Osaka,91,34.0628,285.6597,7.8400
Eagle R3 (2023),Osaka,92,292.6376,96.1422,1.7000
Eagle R3 (2023),Osaka,93,286.1200,11.2197,4.4100
Eagle R3 (2023),Osaka,94,344.2060,212.5568,0.9800
Eagle R3 (2023),Osaka,95,484.4666,154.9975,1.0800
Eagle R3 (2023),Osaka,96,301.0111,253.7030,7.0300
Eagle R3 (2023),Osaka,97,316.1055,287.6447,1.0100
Eagle R3 (2023),Osaka,98,299.3539,36.2528,0.9700
Eagle R3 (2023),Osaka,99,287.3110,234.4508,2.1100
Eagle R3 (2023),Osaka,100,224.8538,255.5586,7.6000
Eagle R3 (2023),Osaka,101,342.8857,219.4143,1.0500
Eagle R3 (2023),Osaka,102,470.1864,171.2920,1.6000
Eagle R3 (2023),Osaka,103,260.6323,88.2010,0.9700
Eagle R3 (2023),Osaka,104,309.6730,117.3936,4.4700
Eagle R3 (2023),Osaka,105,349.6809,196.3653,6.1700
Eagle R3 (2023),Osaka,106,33.1180,127.2276,20.1900
Eagle R3 (2023),Osaka,107,336.0092,361.8288,2.6500
Eagle R3 (2023),Osaka,108,312.2577,324.8369,1.5500
Eagle R3 (2023),Osaka,109,234.5864,69.2012,6.2900
Eagle R3 (2023),Osaka,110,228.8710,270.3141,5.3200
Eagle R3 (2023),Osaka,111,125.0807,8.7206,3.6900
Eagle R3 (2023),Osaka,112,352.7556,281.5022,1.2900
Eagle R3 (2023),Osaka,113,396.1744,330.7268,2.4000
Eagle R3 (2023),Osaka,114,207.7659,67.3055,1.4300
Eagle R3 (2023),Osaka,115,247.0592,245.7939,1.0700
Eagle R3 (2023),Osaka,116,292.0923,289.4468,4.5100
Eagle R3 (2023),Osaka,117,245.1886,16.1320,1.5000
Eagle R3 (2023),Osaka,118,189.3917,15.6491,7.4500
Eagle R3 (2023),Osaka,119,309.1772,16.3073,0.6900
Eagle R3 (2023),Osaka,120,244.4867,124.0766,3.9800
Eagle R3 (2023),Osaka,121,346.3542,100.5017,2.7700
Eagle R3 (2023),Osaka,122,199.1782,117.0274,2.6800
Eagle R3 (2023),Osaka,123,277.5372,148.1611,0.9700
Eagle R3 (2023),Osaka,124,281.5347,144.4630,2.9300
Eagle R3 (2023),Osaka,125,166.6252,113.0854,4.4500
Eagle R3 (2023),Osaka,126,158.0573,63.7536,2.0500
Heron (2024),Torino,0,224.0873,314.5962,16.6748
Heron (2024),Torino,1,266.0305,204.0161,2.2949
Heron (2024),Torino,2,170.3929,152.2364,4.8096
Heron (2024),Torino,3,253.8815,210.2623,1.5137
Heron (2024),Torino,4,155.8903,190.4598,5.9814
Heron (2024),Torino,5,174.7835,145.9378,0.6348
Heron (2024),Torino,6,50.4897,93.6871,1.8555
Heron (2024),Torino,7,214.3196,61.5747,1.6113
Heron (2024),Torino,8,232.1943,31.3632,1.8311
Heron (2024),Torino,9,43.9414,58.1927,2.8809
Heron (2024),Torino,10,200.7961,228.3252,4.5166
Heron (2024),Torino,11,102.5209,144.2043,0.7568
Heron (2024),Torino,12,187.6077,195.7502,14.5752
Heron (2024),Torino,13,122.9432,138.2461,1.1230
Heron (2024),Torino,14,86.2006,41.7007,4.4189
Heron (2024),Torino,15,152.7610,39.8507,1.7578
Heron (2024),Torino,16,112.9402,144.0041,2.1484
Heron (2024),Torino,17,146.0644,98.5063,1.1230
Heron (2024),Torino,18,184.3269,185.1269,0.8301
Heron (2024),Torino,19,141.7688,36.4921,25.7080
Heron (2024),Torino,20,172.1263,116.5864,1.5625
Heron (2024),Torino,21,73.6784,18.8083,11.0840
Heron (2024),Torino,22,42.4205,58.2629,5.3711
Heron (2024),Torino,23,66.5901,151.9334,11.0107
Heron (2024),Torino,24,154.2839,173.5322,2.0996
Heron (2024),Torino,25,233.5389,299.8463,11.9629
Heron (2024),Torino,26,207.0538,214.8320,4.1260
Heron (2024),Torino,27,205.7717,107.9670,3.0518
Heron (2024),Torino,28,175.7033,221.4624,0.6348
Heron (2024),Torino,29,149.7086,148.9804,1.1963
Heron (2024),Torino,30,109.7621,112.1336,0.5371
Heron (2024),Torino,31,295.5987,202.1937,5.0293
Heron (2024),Torino,32,217.2490,128.2935,1.2207
Heron (2024),Torino,33,191.7882,69.4773,2.3438
Heron (2024),Torino,34,260.3993,120.7021,11.4746
Heron (2024),Torino,35,221.5352,157.1653,2.4170
Heron (2024),Torino,36,59.5274,104.7243,0.7080
Heron (2024),Torino,37,168.6988,95.0406,0.6348
Heron (2024),Torino,38,143.5153,105.6123,6.4941
Heron (2024),Torino,39,153.9129,179.1148,1.2939
Heron (2024),Torino,40,88.6993,101.7627,1.4160
Heron (2024),Torino,41,41.3469,49.9344,3.4912
Heron (2024),Torino,42,215.3841,79.3370,14.1357
Heron (2024),Torino,43,79.0204,94.3953,0.8789
Heron (2024),Torino,44,86.6024,281.0965,1.6846
Heron (2024),Torino,45,55.4149,71.3736,0.9277
Heron (2024),Torino,46,215.2742,49.3211,5.1025
Heron (2024),Torino,47,204.9169,68.7052,1.3428
Heron (2024),Torino,48,217.5690,240.7792,4.0771
Heron (2024),Torino,49,147.8642,107.7743,1.9775
Heron (2024),Torino,50,229.3254,226.6231,10.4004
Heron (2024),Torino,51,185.6402,160.9401,0.5127
Heron (2024),Torino,52,189.2722,235.4239,3.1494
Heron (2024),Torino,53,62.5442,63.6486,10.4980
Heron (2024),Torino,54,268.0144,195.8232,0.8545
Heron (2024),Torino,55,233.7665,177.9113,1.4404
Heron (2024),Torino,56,305.1669,233.5501,1.9043
Heron (2024),Torino,57,100.3317,196.4741,2.3926
Heron (2024),Torino,58,137.5084,95.6362,21.0693
Heron (2024),Torino,59,102.5686,181.4731,17.5537
Heron (2024),Torino,60,243.2871,254.4258,0.6104
Heron (2024),Torino,61,83.7234,247.4174,2.2949
Heron (2024),Torino,62,184.0214,145.6931,1.1963
Heron (2024),Torino,63,156.6545,162.4871,4.0527
Heron (2024),Torino,64,199.9583,135.5246,8.6670
Heron (2024),Torino,65,104.5013,210.6570,1.4893
Heron (2024),Torino,66,298.6710,300.5907,0.5859
Heron (2024),Torino,67,130.8015,135.0595,3.6133
Heron (2024),Torino,68,225.2299,74.2975,0.7080
Heron (2024),Torino,69,232.1962,84.9931,3.6621
Heron (2024),Torino,70,96.7492,41.8455,4.0039
Heron (2024),Torino,71,185.3106,40.9671,3.6621
Heron (2024),Torino,72,291.0258,87.7577,0.9766
Heron (2024),Torino,73,261.2378,113.0172,1.0010
Heron (2024),Torino,74,186.6335,135.6366,7.5195
Heron (2024),Torino,75,176.6361,130.3622,0.7812
Heron (2024),Torino,76,180.0972,271.7906,10.8154
Heron (2024),Torino,77,234.9692,215.5626,1.5625
Heron (2024),Torino,78,93.1024,95.1158,4.9316
Heron (2024),Torino,79,61.7181,8.3349,3.1982
Heron (2024),Torino,80,163.3963,27.7848,2.2949
Heron (2024),Torino,81,231.2924,203.0233,0.5371
Heron (2024),Torino,82,157.4811,122.5159,5.3955
Heron (2024),Torino,83,187.8109,60.4739,1.8799
Heron (2024),Torino,84,202.5254,153.0323,8.1787
Heron (2024),Torino,85,3.1637,6.1313,2.8564
Heron (2024),Torino,86,4.0661,80.5482,56.5186
Heron (2024),Torino,87,246.4586,246.5725,0.6348
Heron (2024),Torino,88,260.6480,237.9510,4.6387
Heron (2024),Torino,89,183.2333,145.8933,1.2451
Heron (2024),Torino,90,197.8820,277.3649,18.2373
Heron (2024),Torino,91,210.0376,114.5315,1.3672
Heron (2024),Torino,92,212.4644,140.9389,0.9033
Heron (2024),Torino,93,255.2468,208.3296,0.9277
Heron (2024),Torino,94,184.6498,195.5302,0.9766
Heron (2024),Torino,95,194.5570,293.1787,1.7822
Heron (2024),Torino,96,255.1611,159.7062,1.6602
Heron (2024),Torino,97,46.8540,71.6501,26.5381
Heron (2024),Torino,98,230.6670,60.6970,1.9043
Heron (2024),Torino,99,154.5949,110.7253,0.9521
Heron (2024),Torino,100,237.3532,189.4047,3.3936
Heron (2024),Torino,101,222.0573,121.4633,4.7363
Heron (2024),Torino,102,156.0084,48.9850,1.1963
Heron (2024),Torino,103,149.1265,83.2824,1.6113
Heron (2024),Torino,104,104.3585,106.3552,2.5391
Heron (2024),Torino,105,64.6912,70.5081,13.7939
Heron (2024),Torino,106,70.3395,50.7876,3.5400
Heron (2024),Torino,107,239.6035,241.5439,1.9775
Heron (2024),Torino,108,111.9997,141.5240,0.7812
Heron (2024),Torino,109,132.7094,211.9039,3.9307
Heron (2024),Torino,110,157.4891,136.0287,0.9766
Heron (2024),Torino,111,187.6828,67.1395,1.0986
Heron (2024),Torino,112,231.0908,202.1061,1.5869
Heron (2024),Torino,113,231.1906,221.9256,4.0527
Heron (2024),Torino,114,201.8540,208.9757,6.3477
Heron (2024),Torino,115,189.8041,159.4033,2.9053
Heron (2024),Torino,116,201.0481,160.2455,3.1982
Heron (2024),Torino,117,117.4771,29.0538,3.1006
Heron (2024),Torino,118,184.9874,66.1081,12.5732
Heron (2024),Torino,119,139.0775,134.9371,1.1963
Heron (2024),Torino,120,199.3002,180.0004,6.4941
Heron (2024),Torino,121,264.5991,52.5724,4.5410
Heron (2024),Torino,122,189.9020,252.5852,10.4736
Heron (2024),Torino,123,51.1480,62.0926,2.0508
Heron (2024),Torino,124,185.6839,150.7233,12.2070
Heron (2024),Torino,125,293.5658,256.2465,2.6855
Heron (2024),Torino,126,142.8039,226.1142,5.4199
Heron (2024),Torino,127,162.6440,125.6761,1.4648
Heron (2024),Torino,128,307.7274,195.1640,6.2012
Heron (2024),Torino,129,236.5109,111.0854,1.0986
Heron (2024),Torino,130,281.8379,349.8799,1.3916
Heron (2024),Torino,131,248.8298,142.6038,0.7812
Heron (2024),Torino,132,293.7738,332.6570,1.4893
Heron (2024),Fez,0,48.8062,42.3796,1.1475
Heron (2024),Fez,1,255.7052,302.7909,1.1719
Heron (2024),Fez,2,274.3943,99.9847,0.4883
Heron (2024),Fez,3,219.7205,215.5435,1.5869
Heron (2024),Fez,4,190.8971,161.9321,0.1465
Heron (2024),Fez,5,190.0037,208.6735,0.7568
Heron (2024),Fez,6,213.8958,129.3242,0.6836
Heron (2024),Fez,7,139.6675,48.0958,2.0996
Heron (2024),Fez,8,74.7240,43.3046,0.4150
Heron (2024),Fez,9,247.0175,53.8763,0.7080
Heron (2024),Fez,10,168.7105,117.6482,0.3174
Heron (2024),Fez,11,101.8426,74.6361,1.0254
Heron (2024),Fez,12,83.6906,74.0373,2.3682
Heron (2024),Fez,13,262.2857,204.5817,1.0498
Heron (2024),Fez,14,225.3265,45.8926,0.3662
Heron (2024),Fez,15,233.0130,146.2408,3.2959
Heron (2024),Fez,16,155.8882,114.5943,1.2939
Heron (2024),Fez,17,179.7312,99.7584,0.5371
Heron (2024),Fez,18,157.3372,68.3007,0.4395
Heron (2024),Fez,19,184.4484,120.7418,0.7324
Heron (2024),Fez,20,218.4927,114.6694,0.5127
Heron (2024),Fez,21,237.2374,180.9111,0.6836
Heron (2024),Fez,22,119.4377,74.2423,1.0498
Heron (2024),Fez,23,174.7588,122.7872,0.2441
Heron (2024),Fez,24,69.5626,93.6749,0.7812
Heron (2024),Fez,25,134.4465,123.1196,1.0742
Heron (2024),Fez,26,127.3622,95.9500,0.7324
Heron (2024),Fez,27,105.0818,130.5350,0.5371
Heron (2024),Fez,28,235.8576,131.2881,0.3418
Heron (2024),Fez,29,166.0211,54.4114,0.9521
Heron (2024),Fez,30,176.7402,109.5566,0.4395
Heron (2024),Fez,31,148.6031,70.1670,0.7812
Heron (2024),Fez,32,102.3420,96.9566,2.1240
Heron (2024),Fez,33,145.5082,76.6334,0.9277
Heron (2024),Fez,34,93.6533,61.7473,0.4639
Heron (2024),Fez,35,175.0377,48.1405,0.6836
Heron (2024),Fez,36,152.8679,117.5429,0.3174
Heron (2024),Fez,37,221.8605,187.8342,0.9033
Heron (2024),Fez,38,127.4073,154.8161,0.5615
Heron (2024),Fez,39,154.4640,65.2025,0.6592
Heron (2024),Fez,40,179.7837,109.8190,0.9033
Heron (2024),Fez,41,224.7319,140.1525,4.5898
Heron (2024),Fez,42,160.7834,38.6091,0.7568
Heron (2024),Fez,43,137.3537,77.5882,3.2715
Heron (2024),Fez,44,136.7989,158.7269,0.4395
Heron (2024),Fez,45,179.7771,186.0626,2.0020
Heron (2024),Fez,46,171.0286,11.0184,0.6836
Heron (2024),Fez,47,151.6730,79.8584,1.6113
Heron (2024),Fez,48,88.9690,22.6668,0.3906
Heron (2024),Fez,49,108.8081,20.2129,2.7832
Heron (2024),Fez,50,145.4806,130.8923,0.3906
Heron (2024),Fez,51,134.5163,119.7834,5.7617
Heron (2024),Fez,52,100.9619,58.5341,0.7568
Heron (2024),Fez,53,151.4280,20.7942,1.3672
Heron (2024),Fez,54,165.0418,149.2875,0.2686
Heron (2024),Fez,55,144.2299,174.1829,1.8311
Heron (2024),Fez,56,168.8210,193.7136,0.2686
Heron (2024),Fez,57,107.7554,65.7209,0.4883
Heron (2024),Fez,58,200.2013,37.8451,0.7568
Heron (2024),Fez,59,163.7082,173.3031,0.4883
Heron (2024),Fez,60,115.8895,29.9718,0.7080
Heron (2024),Fez,61,185.1483,70.8100,1.2939
Heron (2024),Fez,62,190.5147,33.5706,0.7812
Heron (2024),Fez,63,96.5851,10.4074,1.1475
Heron (2024),Fez,64,129.5679,73.9199,0.6836
Heron (2024),Fez,65,135.4661,98.2420,4.2236
Heron (2024),Fez,66,98.6237,16.4526,0.3174
Heron (2024),Fez,67,118.7923,74.6668,7.6904
Heron (2024),Fez,68,110.8666,79.6385,1.0986
Heron (2024),Fez,69,142.9272,67.8684,2.2705
Heron (2024),Fez,70,120.3741,85.6812,0.6104
Heron (2024),Fez,71,206.1320,143.9046,0.9277
Heron (2024),Fez,72,112.5881,100.3837,0.7568
Heron (2024),Fez,73,123.6959,64.3796,1.1475
Heron (2024),Fez,74,135.7044,127.2735,0.7324
Heron (2024),Fez,75,144.0140,136.9074,0.3906
Heron (2024),Fez,76,101.3832,67.5544,1.7822
Heron (2024),Fez,77,176.7525,53.0582,0.8545
Heron (2024),Fez,78,85.5449,46.5805,2.2705
Heron (2024),Fez,79,107.5198,50.9979,0.7324
Heron (2024),Fez,80,132.3972,147.8293,0.4883
Heron (2024),Fez,81,222.0903,20.3178,1.0254
Heron (2024),Fez,82,108.7389,34.2564,0.2197
Heron (2024),Fez,83,212.6073,186.4411,7.0801
Heron (2024),Fez,84,113.3198,102.9177,0.2441
Heron (2024),Fez,85,149.6349,22.4369,1.2695
Heron (2024),Fez,86,117.8526,83.8994,0.4150
Heron (2024),Fez,87,27.1485,56.8387,1.8799
Heron (2024),Fez,88,114.8496,109.0098,0.4395
Heron (2024),Fez,89,175.2767,86.0988,1.6846
Heron (2024),Fez,90,94.4865,93.3905,0.2686
Heron (2024),Fez,91,143.3573,16.6031,1.9287
Heron (2024),Fez,92,118.9472,80.8811,0.9521
Heron (2024),Fez,93,202.4723,62.1245,5.2246
Heron (2024),Fez,94,121.1501,7.1103,1.3184
Heron (2024),Fez,95,163.4033,39.6671,4.0039
Heron (2024),Fez,96,140.4932,88.5697,0.2441
Heron (2024),Fez,97,107.0771,123.2674,0.4150
Heron (2024),Fez,98,114.7298,20.6100,0.5127
Heron (2024),Fez,99,117.4820,17.2801,1.9043
Heron (2024),Fez,100,154.3374,29.2355,0.7324
Heron (2024),Fez,101,48.4407,22.1521,5.7373
Heron (2024),Fez,102,195.6423,115.4539,0.6104
Heron (2024),Fez,103,146.7585,118.7477,0.2930
Heron (2024),Fez,104,123.3925,97.3176,0.6348
Heron (2024),Fez,105,156.1326,132.3100,1.0010
Heron (2024),Fez,106,151.1342,157.3485,0.6836
Heron (2024),Fez,107,112.5348,23.1149,0.7324
Heron (2024),Fez,108,165.2896,111.0153,0.4639
Heron (2024),Fez,109,108.5123,80.0164,0.8545
Heron (2024),Fez,110,169.7110,128.2783,0.7080
Heron (2024),Fez,111,95.7654,68.4752,0.4883
Heron (2024),Fez,112,156.4252,19.6697,2.2705
Heron (2024),Fez,113,147.8162,23.1356,10.5957
Heron (2024),Fez,114,121.4588,48.1252,0.6836
Heron (2024),Fez,115,153.9328,103.3571,2.5879
Heron (2024),Fez,116,169.9105,183.4392,1.0986
Heron (2024),Fez,117,177.1427,93.0279,0.8545
Heron (2024),Fez,118,146.6897,57.3894,0.3662
Heron (2024),Fez,119,83.9941,59.1261,2.4170
Heron (2024),Fez,120,105.8872,41.9277,0.7080
Heron (2024),Fez,121,208.9313,130.7111,1.7090
Heron (2024),Fez,122,143.6011,71.5278,0.6348
Heron (2024),Fez,123,155.4047,113.4300,0.6348
Heron (2024),Fez,124,100.6818,102.5569,0.4639
Heron (2024),Fez,125,165.7935,49.1743,1.2451
Heron (2024),Fez,126,108.6111,51.9527,0.2930
Heron (2024),Fez,127,120.0325,117.8800,1.6602
Heron (2024),Fez,128,88.3270,48.3326,0.3418
Heron (2024),Fez,129,145.5632,93.1865,1.3916
Heron (2024),Fez,130,117.2840,129.8355,0.5371
Heron (2024),Fez,131,141.1806,201.4761,5.5420
Heron (2024),Fez,132,136.9890,161.6333,1.3428
Heron (2024),Fez,133,195.2599,47.9461,1.6357
Heron (2024),Fez,134,151.2999,22.6789,0.5371
Heron (2024),Fez,135,179.6232,92.4534,6.0059
Heron (2024),Fez,136,95.6208,93.6006,0.4639
Heron (2024),Fez,137,130.2446,145.7416,0.5127
Heron (2024),Fez,138,113.3244,135.7629,0.4639
Heron (2024),Fez,139,142.4086,43.3544,0.6592
Heron (2024),Fez,140,95.6406,27.2383,0.8057
Heron (2024),Fez,141,168.2430,91.4460,0.4883
Heron (2024),Fez,142,166.0445,144.8245,0.6104
Heron (2024),Fez,143,149.8579,122.5086,0.4395
Heron (2024),Fez,144,97.7558,111.6780,1.0742
Heron (2024),Fez,145,152.5105,137.7894,1.3916
Heron (2024),Fez,146,63.0546,23.6866,0.5859
Heron (2024),Fez,147,146.2280,87.3317,0.9033
Heron (2024),Fez,148,92.3554,113.5124,0.4639
Heron (2024),Fez,149,73.1705,6.6435,2.7588
Heron (2024),Fez,150,66.9277,5.9857,0.4150
Heron (2024),Fez,151,110.2002,105.2191,1.1963
Heron (2024),Fez,152,176.0458,103.0801,0.9521
Heron (2024),Fez,153,170.7010,47.3004,1.1475
Heron (2024),Fez,154,151.2753,115.1524,4.6631
Heron (2024),Fez,155,197.4752,19.2096,0.9277
Heron (2024),Marrakesh,0,365.5509,61.4284,1.1230
Heron (2024),Marrakesh,1,182.8463,187.1786,0.5371
Heron (2024),Marrakesh,2,276.7558,330.2594,0.4150
Heron (2024),Marrakesh,3,344.7526,301.5468,1.0010
Heron (2024),Marrakesh,4,239.7670,223.7604,1.9531
Heron (2024),Marrakesh,5,325.0053,374.0719,0.5615
Heron (2024),Marrakesh,6,283.7322,211.9210,0.2686
Heron (2024),Marrakesh,7,290.3396,107.0046,0.5371
Heron (2024),Marrakesh,8,253.3689,112.3855,0.6348
Heron (2024),Marrakesh,9,171.2759,190.5650,0.9033
Heron (2024),Marrakesh,10,271.8162,180.5087,0.5127
Heron (2024),Marrakesh,11,300.5569,165.0113,0.8301
Heron (2024),Marrakesh,12,224.4112,184.7836,0.3906
Heron (2024),Marrakesh,13,259.6327,384.1041,0.5127
Heron (2024),Marrakesh,14,195.7069,148.2311,0.3906
Heron (2024),Marrakesh,15,342.7887,29.9488,0.9766
Heron (2024),Marrakesh,16,136.8320,137.3075,1.1475
Heron (2024),Marrakesh,17,152.9224,44.0340,1.0498
Heron (2024),Marrakesh,18,83.4875,83.8961,0.6104
Heron (2024),Marrakesh,19,136.8725,35.7689,0.4395
Heron (2024),Marrakesh,20,126.3072,204.6112,0.4883
Heron (2024),Marrakesh,21,318.0031,238.7904,0.5615
Heron (2024),Marrakesh,22,153.3099,38.5653,1.4404
Heron (2024),Marrakesh,23,306.8984,222.4039,3.1250
Heron (2024),Marrakesh,24,35.4977,0.1798,18.0908
Heron (2024),Marrakesh,25,127.5127,92.1528,1.6846
Heron (2024),Marrakesh,26,6.7994,7.7358,7.5684
Heron (2024),Marrakesh,27,204.2001,272.8270,1.8799
Heron (2024),Marrakesh,28,226.1539,208.7038,1.7334
Heron (2024),Marrakesh,29,165.0245,189.9664,0.4150
Heron (2024),Marrakesh,30,175.2142,82.0299,0.9033
Heron (2024),Marrakesh,31,139.9922,66.7213,1.5381
Heron (2024),Marrakesh,32,209.3155,22.1404,1.4893
Heron (2024),Marrakesh,33,128.1591,56.2491,0.8789
Heron (2024),Marrakesh,34,147.9526,174.3749,0.5127
Heron (2024),Marrakesh,35,435.8735,534.7870,0.5859
Heron (2024),Marrakesh,36,217.5020,101.9785,1.2451
Heron (2024),Marrakesh,37,160.1358,21.4260,2.5635
Heron (2024),Marrakesh,38,107.7534,118.0864,0.2686
Heron (2024),Marrakesh,39,178.8128,258.2730,0.7812
Heron (2024),Marrakesh,40,187.5859,101.3664,1.4404
Heron (2024),Marrakesh,41,126.9191,27.1112,0.5859
Heron (2024),Marrakesh,42,228.4301,159.9662,1.0010
Heron (2024),Marrakesh,43,176.9330,97.4950,0.9766
Heron (2024),Marrakesh,44,217.5668,177.7789,0.3418
Heron (2024),Marrakesh,45,176.1480,113.7512,0.3418
Heron (2024),Marrakesh,46,215.4073,196.0848,0.6592
Heron (2024),Marrakesh,47,289.5380,80.9010,0.4883
Heron (2024),Marrakesh,48,245.9826,251.7384,5.4443
Heron (2024),Marrakesh,49,299.6318,227.6309,3.0273
Heron (2024),Marrakesh,50,125.4953,87.1995,17.1875
Heron (2024),Marrakesh,51,184.4828,357.8826,11.6211
Heron (2024),Marrakesh,52,146.2718,80.6183,1.8311
Heron (2024),Marrakesh,53,286.7545,317.6260,0.4639
Heron (2024),Marrakesh,54,163.3601,204.4472,2.1240
Heron (2024),Marrakesh,55,206.0260,72.1559,0.4883
Heron (2024),Marrakesh,56,141.2821,114.8615,0.9033
Heron (2024),Marrakesh,57,167.6039,168.9730,5.4443
Heron (2024),Marrakesh,58,252.6317,355.1469,18.7012
Heron (2024),Marrakesh,59,102.7194,154.0622,0.7080
Heron (2024),Marrakesh,60,105.1283,118.7661,0.8545
Heron (2024),Marrakesh,61,294.5844,251.8061,0.7324
Heron (2024),Marrakesh,62,104.6316,48.3772,0.7080
Heron (2024),Marrakesh,63,222.2536,134.3769,1.8311
Heron (2024),Marrakesh,64,155.8457,137.0889,0.6836
Heron (2024),Marrakesh,65,323.0833,115.9593,0.2930
Heron (2024),Marrakesh,66,105.6303,118.0863,3.0518
Heron (2024),Marrakesh,67,237.9978,108.7302,2.0996
Heron (2024),Marrakesh,68,141.6510,13.6725,1.2939
Heron (2024),Marrakesh,69,138.7906,69.6164,3.1738
Heron (2024),Marrakesh,70,188.4528,20.7744,13.7695
Heron (2024),Marrakesh,71,142.5337,138.4103,3.4912
Heron (2024),Marrakesh,72,123.4177,42.6335,3.1006
Heron (2024),Marrakesh,73,186.2172,227.9115,3.5156
Heron (2024),Marrakesh,74,107.2636,13.0136,0.7812
Heron (2024),Marrakesh,75,245.0119,240.4260,1.3184
Heron (2024),Marrakesh,76,150.0752,50.8127,0.9521
Heron (2024),Marrakesh,77,220.5334,184.0772,0.5859
Heron (2024),Marrakesh,78,74.5874,85.5489,1.8799
Heron (2024),Marrakesh,79,130.5054,40.1434,0.6348
Heron (2024),Marrakesh,80,163.0730,42.3755,1.4893
Heron (2024),Marrakesh,81,207.7874,121.4932,1.1230
Heron (2024),Marrakesh,82,57.3686,23.1473,24.5117
Heron (2024),Marrakesh,83,231.5383,352.3577,20.7275
Heron (2024),Marrakesh,84,253.4046,102.0032,0.5127
Heron (2024),Marrakesh,85,189.8894,127.4142,1.9287
Heron (2024),Marrakesh,86,235.4495,66.0165,1.6113
Heron (2024),Marrakesh,87,246.2166,162.0551,0.5615
Heron (2024),Marrakesh,88,200.4381,231.0423,10.5469
Heron (2024),Marrakesh,89,275.2350,298.1503,0.2686
Heron (2024),Marrakesh,90,164.5089,93.7428,0.8057
Heron (2024),Marrakesh,91,157.1832,233.4517,1.5625
Heron (2024),Marrakesh,92,198.0421,225.8507,0.8301
Heron (2024),Marrakesh,93,286.8109,273.7946,0.7568
Heron (2024),Marrakesh,94,341.2183,149.0431,0.4639
Heron (2024),Marrakesh,95,433.4821,503.6894,0.3906
Heron (2024),Marrakesh,96,128.5718,48.2466,1.5625
Heron (2024),Marrakesh,97,178.1734,77.4843,0.4883
Heron (2024),Marrakesh,98,298.4551,64.3174,0.3906
Heron (2024),Marrakesh,99,154.7592,31.5309,0.9277
Heron (2024),Marrakesh,100,100.5798,243.0906,0.7324
Heron (2024),Marrakesh,101,136.9843,65.8276,1.0498
Heron (2024),Marrakesh,102,94.9061,69.7133,6.4697
Heron (2024),Marrakesh,103,105.0881,96.6940,7.2021
Heron (2024),Marrakesh,104,107.9577,119.1426,1.3428
Heron (2024),Marrakesh,105,159.5476,155.8373,3.4180
Heron (2024),Marrakesh,106,343.6818,289.2942,5.2490
Heron (2024),Marrakesh,107,330.0465,374.1359,0.6836
Heron (2024),Marrakesh,108,239.3573,235.0271,0.7812
Heron (2024),Marrakesh,109,212.4061,124.1960,0.5859
Heron (2024),Marrakesh,110,227.1277,327.8175,0.7812
Heron (2024),Marrakesh,111,196.8006,80.4523,0.6348
Heron (2024),Marrakesh,112,252.3277,217.0958,0.3174
Heron (2024),Marrakesh,113,195.3146,119.9212,47.3877
Heron (2024),Marrakesh,114,297.7297,327.4061,1.0986
Heron (2024),Marrakesh,115,187.6496,70.7615,0.7568
Heron (2024),Marrakesh,116,72.7990,105.0159,0.8057
Heron (2024),Marrakesh,117,227.0720,10.9142,1.0986
Heron (2024),Marrakesh,118,197.9162,31.8181,0.7080
Heron (2024),Marrakesh,119,237.0676,24.0062,3.5400
Heron (2024),Marrakesh,120,273.0330,77.9989,0.6348
Heron (2024),Marrakesh,121,315.1576,518.6497,2.0752
Heron (2024),Marrakesh,122,253.0586,26.3265,1.2207
Heron (2024),Marrakesh,123,163.4012,84.7589,6.0547
Heron (2024),Marrakesh,124,136.4229,152.5723,0.9521
Heron (2024),Marrakesh,125,204.4095,38.9928,1.6846
Heron (2024),Marrakesh,126,134.7097,37.6490,0.8545
Heron (2024),Marrakesh,127,215.3111,17.5572,0.8301
Heron (2024),Marrakesh,128,208.1951,244.4196,1.3428
Heron (2024),Marrakesh,129,193.4414,175.0135,0.8789
Heron (2024),Marrakesh,130,364.5704,73.1297,18.3594
Heron (2024),Marrakesh,131,166.7858,177.2466,0.9277
Heron (2024),Marrakesh,132,385.0488,48.7095,0.8545
Heron (2024),Marrakesh,133,231.2708,77.3034,6.5430
Heron (2024),Marrakesh,134,175.1427,116.2496,0.9033
Heron (2024),Marrakesh,135,499.0503,95.6465,4.5166
Heron (2024),Marrakesh,136,256.4857,303.0011,0.3906
Heron (2024),Marrakesh,137,147.7452,80.2116,1.1230
Heron (2024),Marrakesh,138,334.3136,161.0146,0.4150
Heron (2024),Marrakesh,139,140.8041,189.0598,0.3906
Heron (2024),Marrakesh,140,176.2097,50.3164,0.5371
Heron (2024),Marrakesh,141,317.4363,322.3939,0.5615
Heron (2024),Marrakesh,142,192.5572,190.6417,1.2939
Heron (2024),Marrakesh,143,184.9535,79.9637,4.5166
Heron (2024),Marrakesh,144,101.0556,34.4801,0.9277
Heron (2024),Marrakesh,145,71.8930,89.0670,2.0508
Heron (2024),Marrakesh,146,118.1711,56.4285,1.3428
Heron (2024),Marrakesh,147,206.9986,63.2185,3.4424
Heron (2024),Marrakesh,148,301.1117,145.6699,0.4639
Heron (2024),Marrakesh,149,204.7326,116.0137,1.8311
Heron (2024),Marrakesh,150,125.6103,138.6758,0.9766
Heron (2024),Marrakesh,151,202.8220,89.5233,2.5146
Heron (2024),Marrakesh,152,360.0023,164.4213,0.7812
Heron (2024),Marrakesh,153,267.2503,300.5515,10.4736
Heron (2024),Marrakesh,154,258.5063,15.2215,1.0010
Heron (2024),Marrakesh,155,352.8036,151.1437,0.7568
